{"cameraMode":{"drawMode":0,"name":"Shaded","section":"Shading Mode"},"sceneLighting":true,"audioPlay":false,"sceneViewState":{"m_AlwaysRefresh":false,"showFog":true,"showSkybox":true,"showFlares":true,"showImageEffects":true,"showParticleSystems":true,"showVisualEffectGraphs":true,"m_FxEnabled":true},"in2DMode":false,"pivot":{"x":22.518089294433595,"y":-5.997352600097656,"z":-21.559099197387697},"rotation":{"x":-0.3914496600627899,"y":0.40945592522621157,"z":-0.20052467286586762,"w":-0.7993154525756836},"size":20.294321060180665,"orthographic":false}